module,region,country_iso3,classification,provider_source_class,reader_endpoint,basis
Conflict,EAST_AFRICA,BDI,PARTIAL,"UCDP Candidate CSV v26.0.8 (CC BY 4.0)","GET /conflict-data/observations","allowlist covers all 54 declared members (ucdp-candidate.reviewed.ts:17); ONE reviewed monthly artifact Aug-2026, no cadence; per-country row counts require an Alpha DB read"
Conflict,EAST_AFRICA,COD,PARTIAL,"UCDP Candidate CSV v26.0.8 (CC BY 4.0)","GET /conflict-data/observations","allowlist covers all 54 declared members (ucdp-candidate.reviewed.ts:17); ONE reviewed monthly artifact Aug-2026, no cadence; per-country row counts require an Alpha DB read"
Conflict,EAST_AFRICA,DJI,PARTIAL,"UCDP Candidate CSV v26.0.8 (CC BY 4.0)","GET /conflict-data/observations","allowlist covers all 54 declared members (ucdp-candidate.reviewed.ts:17); ONE reviewed monthly artifact Aug-2026, no cadence; per-country row counts require an Alpha DB read"
Conflict,EAST_AFRICA,ERI,PARTIAL,"UCDP Candidate CSV v26.0.8 (CC BY 4.0)","GET /conflict-data/observations","allowlist covers all 54 declared members (ucdp-candidate.reviewed.ts:17); ONE reviewed monthly artifact Aug-2026, no cadence; per-country row counts require an Alpha DB read"
Conflict,EAST_AFRICA,ETH,PARTIAL,"UCDP Candidate CSV v26.0.8 (CC BY 4.0)","GET /conflict-data/observations","allowlist covers all 54 declared members (ucdp-candidate.reviewed.ts:17); ONE reviewed monthly artifact Aug-2026, no cadence; per-country row counts require an Alpha DB read"
Conflict,EAST_AFRICA,KEN,PARTIAL,"UCDP Candidate CSV v26.0.8 (CC BY 4.0)","GET /conflict-data/observations","allowlist covers all 54 declared members (ucdp-candidate.reviewed.ts:17); ONE reviewed monthly artifact Aug-2026, no cadence; per-country row counts require an Alpha DB read"
Conflict,EAST_AFRICA,RWA,PARTIAL,"UCDP Candidate CSV v26.0.8 (CC BY 4.0)","GET /conflict-data/observations","allowlist covers all 54 declared members (ucdp-candidate.reviewed.ts:17); ONE reviewed monthly artifact Aug-2026, no cadence; per-country row counts require an Alpha DB read"
Conflict,EAST_AFRICA,SOM,PARTIAL,"UCDP Candidate CSV v26.0.8 (CC BY 4.0)","GET /conflict-data/observations","allowlist covers all 54 declared members (ucdp-candidate.reviewed.ts:17); ONE reviewed monthly artifact Aug-2026, no cadence; per-country row counts require an Alpha DB read"
Conflict,EAST_AFRICA,SSD,PARTIAL,"UCDP Candidate CSV v26.0.8 (CC BY 4.0)","GET /conflict-data/observations","allowlist covers all 54 declared members (ucdp-candidate.reviewed.ts:17); ONE reviewed monthly artifact Aug-2026, no cadence; per-country row counts require an Alpha DB read"
Conflict,EAST_AFRICA,TZA,PARTIAL,"UCDP Candidate CSV v26.0.8 (CC BY 4.0)","GET /conflict-data/observations","allowlist covers all 54 declared members (ucdp-candidate.reviewed.ts:17); ONE reviewed monthly artifact Aug-2026, no cadence; per-country row counts require an Alpha DB read"
Conflict,EAST_AFRICA,UGA,PARTIAL,"UCDP Candidate CSV v26.0.8 (CC BY 4.0)","GET /conflict-data/observations","allowlist covers all 54 declared members (ucdp-candidate.reviewed.ts:17); ONE reviewed monthly artifact Aug-2026, no cadence; per-country row counts require an Alpha DB read"
Conflict,EU27,AUT,PARTIAL,"UCDP Candidate CSV v26.0.8 (CC BY 4.0)","GET /conflict-data/observations","allowlist covers all 54 declared members (ucdp-candidate.reviewed.ts:17); ONE reviewed monthly artifact Aug-2026, no cadence; per-country row counts require an Alpha DB read"
Conflict,EU27,BEL,PARTIAL,"UCDP Candidate CSV v26.0.8 (CC BY 4.0)","GET /conflict-data/observations","allowlist covers all 54 declared members (ucdp-candidate.reviewed.ts:17); ONE reviewed monthly artifact Aug-2026, no cadence; per-country row counts require an Alpha DB read"
Conflict,EU27,BGR,PARTIAL,"UCDP Candidate CSV v26.0.8 (CC BY 4.0)","GET /conflict-data/observations","allowlist covers all 54 declared members (ucdp-candidate.reviewed.ts:17); ONE reviewed monthly artifact Aug-2026, no cadence; per-country row counts require an Alpha DB read"
Conflict,EU27,HRV,PARTIAL,"UCDP Candidate CSV v26.0.8 (CC BY 4.0)","GET /conflict-data/observations","allowlist covers all 54 declared members (ucdp-candidate.reviewed.ts:17); ONE reviewed monthly artifact Aug-2026, no cadence; per-country row counts require an Alpha DB read"
Conflict,EU27,CYP,PARTIAL,"UCDP Candidate CSV v26.0.8 (CC BY 4.0)","GET /conflict-data/observations","allowlist covers all 54 declared members (ucdp-candidate.reviewed.ts:17); ONE reviewed monthly artifact Aug-2026, no cadence; per-country row counts require an Alpha DB read"
Conflict,EU27,CZE,PARTIAL,"UCDP Candidate CSV v26.0.8 (CC BY 4.0)","GET /conflict-data/observations","allowlist covers all 54 declared members (ucdp-candidate.reviewed.ts:17); ONE reviewed monthly artifact Aug-2026, no cadence; per-country row counts require an Alpha DB read"
Conflict,EU27,DNK,PARTIAL,"UCDP Candidate CSV v26.0.8 (CC BY 4.0)","GET /conflict-data/observations","allowlist covers all 54 declared members (ucdp-candidate.reviewed.ts:17); ONE reviewed monthly artifact Aug-2026, no cadence; per-country row counts require an Alpha DB read"
Conflict,EU27,EST,PARTIAL,"UCDP Candidate CSV v26.0.8 (CC BY 4.0)","GET /conflict-data/observations","allowlist covers all 54 declared members (ucdp-candidate.reviewed.ts:17); ONE reviewed monthly artifact Aug-2026, no cadence; per-country row counts require an Alpha DB read"
Conflict,EU27,FIN,PARTIAL,"UCDP Candidate CSV v26.0.8 (CC BY 4.0)","GET /conflict-data/observations","allowlist covers all 54 declared members (ucdp-candidate.reviewed.ts:17); ONE reviewed monthly artifact Aug-2026, no cadence; per-country row counts require an Alpha DB read"
Conflict,EU27,FRA,PARTIAL,"UCDP Candidate CSV v26.0.8 (CC BY 4.0)","GET /conflict-data/observations","allowlist covers all 54 declared members (ucdp-candidate.reviewed.ts:17); ONE reviewed monthly artifact Aug-2026, no cadence; per-country row counts require an Alpha DB read"
Conflict,EU27,DEU,PARTIAL,"UCDP Candidate CSV v26.0.8 (CC BY 4.0)","GET /conflict-data/observations","allowlist covers all 54 declared members (ucdp-candidate.reviewed.ts:17); ONE reviewed monthly artifact Aug-2026, no cadence; per-country row counts require an Alpha DB read"
Conflict,EU27,GRC,PARTIAL,"UCDP Candidate CSV v26.0.8 (CC BY 4.0)","GET /conflict-data/observations","allowlist covers all 54 declared members (ucdp-candidate.reviewed.ts:17); ONE reviewed monthly artifact Aug-2026, no cadence; per-country row counts require an Alpha DB read"
Conflict,EU27,HUN,PARTIAL,"UCDP Candidate CSV v26.0.8 (CC BY 4.0)","GET /conflict-data/observations","allowlist covers all 54 declared members (ucdp-candidate.reviewed.ts:17); ONE reviewed monthly artifact Aug-2026, no cadence; per-country row counts require an Alpha DB read"
Conflict,EU27,IRL,PARTIAL,"UCDP Candidate CSV v26.0.8 (CC BY 4.0)","GET /conflict-data/observations","allowlist covers all 54 declared members (ucdp-candidate.reviewed.ts:17); ONE reviewed monthly artifact Aug-2026, no cadence; per-country row counts require an Alpha DB read"
Conflict,EU27,ITA,PARTIAL,"UCDP Candidate CSV v26.0.8 (CC BY 4.0)","GET /conflict-data/observations","allowlist covers all 54 declared members (ucdp-candidate.reviewed.ts:17); ONE reviewed monthly artifact Aug-2026, no cadence; per-country row counts require an Alpha DB read"
Conflict,EU27,LVA,PARTIAL,"UCDP Candidate CSV v26.0.8 (CC BY 4.0)","GET /conflict-data/observations","allowlist covers all 54 declared members (ucdp-candidate.reviewed.ts:17); ONE reviewed monthly artifact Aug-2026, no cadence; per-country row counts require an Alpha DB read"
Conflict,EU27,LTU,PARTIAL,"UCDP Candidate CSV v26.0.8 (CC BY 4.0)","GET /conflict-data/observations","allowlist covers all 54 declared members (ucdp-candidate.reviewed.ts:17); ONE reviewed monthly artifact Aug-2026, no cadence; per-country row counts require an Alpha DB read"
Conflict,EU27,LUX,PARTIAL,"UCDP Candidate CSV v26.0.8 (CC BY 4.0)","GET /conflict-data/observations","allowlist covers all 54 declared members (ucdp-candidate.reviewed.ts:17); ONE reviewed monthly artifact Aug-2026, no cadence; per-country row counts require an Alpha DB read"
Conflict,EU27,MLT,PARTIAL,"UCDP Candidate CSV v26.0.8 (CC BY 4.0)","GET /conflict-data/observations","allowlist covers all 54 declared members (ucdp-candidate.reviewed.ts:17); ONE reviewed monthly artifact Aug-2026, no cadence; per-country row counts require an Alpha DB read"
Conflict,EU27,NLD,PARTIAL,"UCDP Candidate CSV v26.0.8 (CC BY 4.0)","GET /conflict-data/observations","allowlist covers all 54 declared members (ucdp-candidate.reviewed.ts:17); ONE reviewed monthly artifact Aug-2026, no cadence; per-country row counts require an Alpha DB read"
Conflict,EU27,POL,PARTIAL,"UCDP Candidate CSV v26.0.8 (CC BY 4.0)","GET /conflict-data/observations","allowlist covers all 54 declared members (ucdp-candidate.reviewed.ts:17); ONE reviewed monthly artifact Aug-2026, no cadence; per-country row counts require an Alpha DB read"
Conflict,EU27,PRT,PARTIAL,"UCDP Candidate CSV v26.0.8 (CC BY 4.0)","GET /conflict-data/observations","allowlist covers all 54 declared members (ucdp-candidate.reviewed.ts:17); ONE reviewed monthly artifact Aug-2026, no cadence; per-country row counts require an Alpha DB read"
Conflict,EU27,ROU,PARTIAL,"UCDP Candidate CSV v26.0.8 (CC BY 4.0)","GET /conflict-data/observations","allowlist covers all 54 declared members (ucdp-candidate.reviewed.ts:17); ONE reviewed monthly artifact Aug-2026, no cadence; per-country row counts require an Alpha DB read"
Conflict,EU27,SVK,PARTIAL,"UCDP Candidate CSV v26.0.8 (CC BY 4.0)","GET /conflict-data/observations","allowlist covers all 54 declared members (ucdp-candidate.reviewed.ts:17); ONE reviewed monthly artifact Aug-2026, no cadence; per-country row counts require an Alpha DB read"
Conflict,EU27,SVN,PARTIAL,"UCDP Candidate CSV v26.0.8 (CC BY 4.0)","GET /conflict-data/observations","allowlist covers all 54 declared members (ucdp-candidate.reviewed.ts:17); ONE reviewed monthly artifact Aug-2026, no cadence; per-country row counts require an Alpha DB read"
Conflict,EU27,ESP,PARTIAL,"UCDP Candidate CSV v26.0.8 (CC BY 4.0)","GET /conflict-data/observations","allowlist covers all 54 declared members (ucdp-candidate.reviewed.ts:17); ONE reviewed monthly artifact Aug-2026, no cadence; per-country row counts require an Alpha DB read"
Conflict,EU27,SWE,PARTIAL,"UCDP Candidate CSV v26.0.8 (CC BY 4.0)","GET /conflict-data/observations","allowlist covers all 54 declared members (ucdp-candidate.reviewed.ts:17); ONE reviewed monthly artifact Aug-2026, no cadence; per-country row counts require an Alpha DB read"
Conflict,MIDDLE_EAST,BHR,PARTIAL,"UCDP Candidate CSV v26.0.8 (CC BY 4.0)","GET /conflict-data/observations","allowlist covers all 54 declared members (ucdp-candidate.reviewed.ts:17); ONE reviewed monthly artifact Aug-2026, no cadence; per-country row counts require an Alpha DB read"
Conflict,MIDDLE_EAST,EGY,PARTIAL,"UCDP Candidate CSV v26.0.8 (CC BY 4.0)","GET /conflict-data/observations","allowlist covers all 54 declared members (ucdp-candidate.reviewed.ts:17); ONE reviewed monthly artifact Aug-2026, no cadence; per-country row counts require an Alpha DB read"
Conflict,MIDDLE_EAST,IRN,PARTIAL,"UCDP Candidate CSV v26.0.8 (CC BY 4.0)","GET /conflict-data/observations","allowlist covers all 54 declared members (ucdp-candidate.reviewed.ts:17); ONE reviewed monthly artifact Aug-2026, no cadence; per-country row counts require an Alpha DB read"
Conflict,MIDDLE_EAST,IRQ,PARTIAL,"UCDP Candidate CSV v26.0.8 (CC BY 4.0)","GET /conflict-data/observations","allowlist covers all 54 declared members (ucdp-candidate.reviewed.ts:17); ONE reviewed monthly artifact Aug-2026, no cadence; per-country row counts require an Alpha DB read"
Conflict,MIDDLE_EAST,ISR,PARTIAL,"UCDP Candidate CSV v26.0.8 (CC BY 4.0)","GET /conflict-data/observations","allowlist covers all 54 declared members (ucdp-candidate.reviewed.ts:17); ONE reviewed monthly artifact Aug-2026, no cadence; per-country row counts require an Alpha DB read"
Conflict,MIDDLE_EAST,JOR,PARTIAL,"UCDP Candidate CSV v26.0.8 (CC BY 4.0)","GET /conflict-data/observations","allowlist covers all 54 declared members (ucdp-candidate.reviewed.ts:17); ONE reviewed monthly artifact Aug-2026, no cadence; per-country row counts require an Alpha DB read"
Conflict,MIDDLE_EAST,KWT,PARTIAL,"UCDP Candidate CSV v26.0.8 (CC BY 4.0)","GET /conflict-data/observations","allowlist covers all 54 declared members (ucdp-candidate.reviewed.ts:17); ONE reviewed monthly artifact Aug-2026, no cadence; per-country row counts require an Alpha DB read"
Conflict,MIDDLE_EAST,LBN,PARTIAL,"UCDP Candidate CSV v26.0.8 (CC BY 4.0)","GET /conflict-data/observations","allowlist covers all 54 declared members (ucdp-candidate.reviewed.ts:17); ONE reviewed monthly artifact Aug-2026, no cadence; per-country row counts require an Alpha DB read"
Conflict,MIDDLE_EAST,OMN,PARTIAL,"UCDP Candidate CSV v26.0.8 (CC BY 4.0)","GET /conflict-data/observations","allowlist covers all 54 declared members (ucdp-candidate.reviewed.ts:17); ONE reviewed monthly artifact Aug-2026, no cadence; per-country row counts require an Alpha DB read"
Conflict,MIDDLE_EAST,PSE,PARTIAL,"UCDP Candidate CSV v26.0.8 (CC BY 4.0)","GET /conflict-data/observations","allowlist covers all 54 declared members (ucdp-candidate.reviewed.ts:17); ONE reviewed monthly artifact Aug-2026, no cadence; per-country row counts require an Alpha DB read"
Conflict,MIDDLE_EAST,QAT,PARTIAL,"UCDP Candidate CSV v26.0.8 (CC BY 4.0)","GET /conflict-data/observations","allowlist covers all 54 declared members (ucdp-candidate.reviewed.ts:17); ONE reviewed monthly artifact Aug-2026, no cadence; per-country row counts require an Alpha DB read"
Conflict,MIDDLE_EAST,SAU,PARTIAL,"UCDP Candidate CSV v26.0.8 (CC BY 4.0)","GET /conflict-data/observations","allowlist covers all 54 declared members (ucdp-candidate.reviewed.ts:17); ONE reviewed monthly artifact Aug-2026, no cadence; per-country row counts require an Alpha DB read"
Conflict,MIDDLE_EAST,SYR,PARTIAL,"UCDP Candidate CSV v26.0.8 (CC BY 4.0)","GET /conflict-data/observations","allowlist covers all 54 declared members (ucdp-candidate.reviewed.ts:17); ONE reviewed monthly artifact Aug-2026, no cadence; per-country row counts require an Alpha DB read"
Conflict,MIDDLE_EAST,TUR,PARTIAL,"UCDP Candidate CSV v26.0.8 (CC BY 4.0)","GET /conflict-data/observations","allowlist covers all 54 declared members (ucdp-candidate.reviewed.ts:17); ONE reviewed monthly artifact Aug-2026, no cadence; per-country row counts require an Alpha DB read"
Conflict,MIDDLE_EAST,ARE,PARTIAL,"UCDP Candidate CSV v26.0.8 (CC BY 4.0)","GET /conflict-data/observations","allowlist covers all 54 declared members (ucdp-candidate.reviewed.ts:17); ONE reviewed monthly artifact Aug-2026, no cadence; per-country row counts require an Alpha DB read"
Conflict,MIDDLE_EAST,YEM,PARTIAL,"UCDP Candidate CSV v26.0.8 (CC BY 4.0)","GET /conflict-data/observations","allowlist covers all 54 declared members (ucdp-candidate.reviewed.ts:17); ONE reviewed monthly artifact Aug-2026, no cadence; per-country row counts require an Alpha DB read"
Energy,EAST_AFRICA,BDI,COVERAGE_GAP,"Eurostat PEM","GET /energy/observations","energy-eurostat-pem.ts pins geo=ES and throws GEO_DRIFT for any other geography"
Energy,EAST_AFRICA,COD,COVERAGE_GAP,"Eurostat PEM","GET /energy/observations","energy-eurostat-pem.ts pins geo=ES and throws GEO_DRIFT for any other geography"
Energy,EAST_AFRICA,DJI,COVERAGE_GAP,"Eurostat PEM","GET /energy/observations","energy-eurostat-pem.ts pins geo=ES and throws GEO_DRIFT for any other geography"
Energy,EAST_AFRICA,ERI,COVERAGE_GAP,"Eurostat PEM","GET /energy/observations","energy-eurostat-pem.ts pins geo=ES and throws GEO_DRIFT for any other geography"
Energy,EAST_AFRICA,ETH,COVERAGE_GAP,"Eurostat PEM","GET /energy/observations","energy-eurostat-pem.ts pins geo=ES and throws GEO_DRIFT for any other geography"
Energy,EAST_AFRICA,KEN,COVERAGE_GAP,"Eurostat PEM","GET /energy/observations","energy-eurostat-pem.ts pins geo=ES and throws GEO_DRIFT for any other geography"
Energy,EAST_AFRICA,RWA,COVERAGE_GAP,"Eurostat PEM","GET /energy/observations","energy-eurostat-pem.ts pins geo=ES and throws GEO_DRIFT for any other geography"
Energy,EAST_AFRICA,SOM,COVERAGE_GAP,"Eurostat PEM","GET /energy/observations","energy-eurostat-pem.ts pins geo=ES and throws GEO_DRIFT for any other geography"
Energy,EAST_AFRICA,SSD,COVERAGE_GAP,"Eurostat PEM","GET /energy/observations","energy-eurostat-pem.ts pins geo=ES and throws GEO_DRIFT for any other geography"
Energy,EAST_AFRICA,TZA,COVERAGE_GAP,"Eurostat PEM","GET /energy/observations","energy-eurostat-pem.ts pins geo=ES and throws GEO_DRIFT for any other geography"
Energy,EAST_AFRICA,UGA,COVERAGE_GAP,"Eurostat PEM","GET /energy/observations","energy-eurostat-pem.ts pins geo=ES and throws GEO_DRIFT for any other geography"
Energy,EU27,AUT,COVERAGE_GAP,"Eurostat PEM","GET /energy/observations","energy-eurostat-pem.ts pins geo=ES and throws GEO_DRIFT for any other geography"
Energy,EU27,BEL,COVERAGE_GAP,"Eurostat PEM","GET /energy/observations","energy-eurostat-pem.ts pins geo=ES and throws GEO_DRIFT for any other geography"
Energy,EU27,BGR,COVERAGE_GAP,"Eurostat PEM","GET /energy/observations","energy-eurostat-pem.ts pins geo=ES and throws GEO_DRIFT for any other geography"
Energy,EU27,HRV,COVERAGE_GAP,"Eurostat PEM","GET /energy/observations","energy-eurostat-pem.ts pins geo=ES and throws GEO_DRIFT for any other geography"
Energy,EU27,CYP,COVERAGE_GAP,"Eurostat PEM","GET /energy/observations","energy-eurostat-pem.ts pins geo=ES and throws GEO_DRIFT for any other geography"
Energy,EU27,CZE,COVERAGE_GAP,"Eurostat PEM","GET /energy/observations","energy-eurostat-pem.ts pins geo=ES and throws GEO_DRIFT for any other geography"
Energy,EU27,DNK,COVERAGE_GAP,"Eurostat PEM","GET /energy/observations","energy-eurostat-pem.ts pins geo=ES and throws GEO_DRIFT for any other geography"
Energy,EU27,EST,COVERAGE_GAP,"Eurostat PEM","GET /energy/observations","energy-eurostat-pem.ts pins geo=ES and throws GEO_DRIFT for any other geography"
Energy,EU27,FIN,COVERAGE_GAP,"Eurostat PEM","GET /energy/observations","energy-eurostat-pem.ts pins geo=ES and throws GEO_DRIFT for any other geography"
Energy,EU27,FRA,COVERAGE_GAP,"Eurostat PEM","GET /energy/observations","energy-eurostat-pem.ts pins geo=ES and throws GEO_DRIFT for any other geography"
Energy,EU27,DEU,COVERAGE_GAP,"Eurostat PEM","GET /energy/observations","energy-eurostat-pem.ts pins geo=ES and throws GEO_DRIFT for any other geography"
Energy,EU27,GRC,COVERAGE_GAP,"Eurostat PEM","GET /energy/observations","energy-eurostat-pem.ts pins geo=ES and throws GEO_DRIFT for any other geography"
Energy,EU27,HUN,COVERAGE_GAP,"Eurostat PEM","GET /energy/observations","energy-eurostat-pem.ts pins geo=ES and throws GEO_DRIFT for any other geography"
Energy,EU27,IRL,COVERAGE_GAP,"Eurostat PEM","GET /energy/observations","energy-eurostat-pem.ts pins geo=ES and throws GEO_DRIFT for any other geography"
Energy,EU27,ITA,COVERAGE_GAP,"Eurostat PEM","GET /energy/observations","energy-eurostat-pem.ts pins geo=ES and throws GEO_DRIFT for any other geography"
Energy,EU27,LVA,COVERAGE_GAP,"Eurostat PEM","GET /energy/observations","energy-eurostat-pem.ts pins geo=ES and throws GEO_DRIFT for any other geography"
Energy,EU27,LTU,COVERAGE_GAP,"Eurostat PEM","GET /energy/observations","energy-eurostat-pem.ts pins geo=ES and throws GEO_DRIFT for any other geography"
Energy,EU27,LUX,COVERAGE_GAP,"Eurostat PEM","GET /energy/observations","energy-eurostat-pem.ts pins geo=ES and throws GEO_DRIFT for any other geography"
Energy,EU27,MLT,COVERAGE_GAP,"Eurostat PEM","GET /energy/observations","energy-eurostat-pem.ts pins geo=ES and throws GEO_DRIFT for any other geography"
Energy,EU27,NLD,COVERAGE_GAP,"Eurostat PEM","GET /energy/observations","energy-eurostat-pem.ts pins geo=ES and throws GEO_DRIFT for any other geography"
Energy,EU27,POL,COVERAGE_GAP,"Eurostat PEM","GET /energy/observations","energy-eurostat-pem.ts pins geo=ES and throws GEO_DRIFT for any other geography"
Energy,EU27,PRT,COVERAGE_GAP,"Eurostat PEM","GET /energy/observations","energy-eurostat-pem.ts pins geo=ES and throws GEO_DRIFT for any other geography"
Energy,EU27,ROU,COVERAGE_GAP,"Eurostat PEM","GET /energy/observations","energy-eurostat-pem.ts pins geo=ES and throws GEO_DRIFT for any other geography"
Energy,EU27,SVK,COVERAGE_GAP,"Eurostat PEM","GET /energy/observations","energy-eurostat-pem.ts pins geo=ES and throws GEO_DRIFT for any other geography"
Energy,EU27,SVN,COVERAGE_GAP,"Eurostat PEM","GET /energy/observations","energy-eurostat-pem.ts pins geo=ES and throws GEO_DRIFT for any other geography"
Energy,EU27,ESP,DATA_AVAILABLE,"Eurostat PEM","GET /energy/observations","geo pinned to ES; net electricity generation retained"
Energy,EU27,SWE,COVERAGE_GAP,"Eurostat PEM","GET /energy/observations","energy-eurostat-pem.ts pins geo=ES and throws GEO_DRIFT for any other geography"
Energy,MIDDLE_EAST,BHR,COVERAGE_GAP,"Eurostat PEM","GET /energy/observations","energy-eurostat-pem.ts pins geo=ES and throws GEO_DRIFT for any other geography"
Energy,MIDDLE_EAST,EGY,COVERAGE_GAP,"Eurostat PEM","GET /energy/observations","energy-eurostat-pem.ts pins geo=ES and throws GEO_DRIFT for any other geography"
Energy,MIDDLE_EAST,IRN,COVERAGE_GAP,"Eurostat PEM","GET /energy/observations","energy-eurostat-pem.ts pins geo=ES and throws GEO_DRIFT for any other geography"
Energy,MIDDLE_EAST,IRQ,COVERAGE_GAP,"Eurostat PEM","GET /energy/observations","energy-eurostat-pem.ts pins geo=ES and throws GEO_DRIFT for any other geography"
Energy,MIDDLE_EAST,ISR,COVERAGE_GAP,"Eurostat PEM","GET /energy/observations","energy-eurostat-pem.ts pins geo=ES and throws GEO_DRIFT for any other geography"
Energy,MIDDLE_EAST,JOR,COVERAGE_GAP,"Eurostat PEM","GET /energy/observations","energy-eurostat-pem.ts pins geo=ES and throws GEO_DRIFT for any other geography"
Energy,MIDDLE_EAST,KWT,COVERAGE_GAP,"Eurostat PEM","GET /energy/observations","energy-eurostat-pem.ts pins geo=ES and throws GEO_DRIFT for any other geography"
Energy,MIDDLE_EAST,LBN,COVERAGE_GAP,"Eurostat PEM","GET /energy/observations","energy-eurostat-pem.ts pins geo=ES and throws GEO_DRIFT for any other geography"
Energy,MIDDLE_EAST,OMN,COVERAGE_GAP,"Eurostat PEM","GET /energy/observations","energy-eurostat-pem.ts pins geo=ES and throws GEO_DRIFT for any other geography"
Energy,MIDDLE_EAST,PSE,COVERAGE_GAP,"Eurostat PEM","GET /energy/observations","energy-eurostat-pem.ts pins geo=ES and throws GEO_DRIFT for any other geography"
Energy,MIDDLE_EAST,QAT,COVERAGE_GAP,"Eurostat PEM","GET /energy/observations","energy-eurostat-pem.ts pins geo=ES and throws GEO_DRIFT for any other geography"
Energy,MIDDLE_EAST,SAU,COVERAGE_GAP,"Eurostat PEM","GET /energy/observations","energy-eurostat-pem.ts pins geo=ES and throws GEO_DRIFT for any other geography"
Energy,MIDDLE_EAST,SYR,COVERAGE_GAP,"Eurostat PEM","GET /energy/observations","energy-eurostat-pem.ts pins geo=ES and throws GEO_DRIFT for any other geography"
Energy,MIDDLE_EAST,TUR,COVERAGE_GAP,"Eurostat PEM","GET /energy/observations","energy-eurostat-pem.ts pins geo=ES and throws GEO_DRIFT for any other geography"
Energy,MIDDLE_EAST,ARE,COVERAGE_GAP,"Eurostat PEM","GET /energy/observations","energy-eurostat-pem.ts pins geo=ES and throws GEO_DRIFT for any other geography"
Energy,MIDDLE_EAST,YEM,COVERAGE_GAP,"Eurostat PEM","GET /energy/observations","energy-eurostat-pem.ts pins geo=ES and throws GEO_DRIFT for any other geography"
Market,EAST_AFRICA,BDI,COVERAGE_GAP,"TED procurement notices","GET /market/... (market-read.controller.ts)","ted-procurement-retained.ts refuses any notice whose buyer-country is not exactly POL"
Market,EAST_AFRICA,COD,COVERAGE_GAP,"TED procurement notices","GET /market/... (market-read.controller.ts)","ted-procurement-retained.ts refuses any notice whose buyer-country is not exactly POL"
Market,EAST_AFRICA,DJI,COVERAGE_GAP,"TED procurement notices","GET /market/... (market-read.controller.ts)","ted-procurement-retained.ts refuses any notice whose buyer-country is not exactly POL"
Market,EAST_AFRICA,ERI,COVERAGE_GAP,"TED procurement notices","GET /market/... (market-read.controller.ts)","ted-procurement-retained.ts refuses any notice whose buyer-country is not exactly POL"
Market,EAST_AFRICA,ETH,COVERAGE_GAP,"TED procurement notices","GET /market/... (market-read.controller.ts)","ted-procurement-retained.ts refuses any notice whose buyer-country is not exactly POL"
Market,EAST_AFRICA,KEN,COVERAGE_GAP,"TED procurement notices","GET /market/... (market-read.controller.ts)","ted-procurement-retained.ts refuses any notice whose buyer-country is not exactly POL"
Market,EAST_AFRICA,RWA,COVERAGE_GAP,"TED procurement notices","GET /market/... (market-read.controller.ts)","ted-procurement-retained.ts refuses any notice whose buyer-country is not exactly POL"
Market,EAST_AFRICA,SOM,COVERAGE_GAP,"TED procurement notices","GET /market/... (market-read.controller.ts)","ted-procurement-retained.ts refuses any notice whose buyer-country is not exactly POL"
Market,EAST_AFRICA,SSD,COVERAGE_GAP,"TED procurement notices","GET /market/... (market-read.controller.ts)","ted-procurement-retained.ts refuses any notice whose buyer-country is not exactly POL"
Market,EAST_AFRICA,TZA,COVERAGE_GAP,"TED procurement notices","GET /market/... (market-read.controller.ts)","ted-procurement-retained.ts refuses any notice whose buyer-country is not exactly POL"
Market,EAST_AFRICA,UGA,COVERAGE_GAP,"TED procurement notices","GET /market/... (market-read.controller.ts)","ted-procurement-retained.ts refuses any notice whose buyer-country is not exactly POL"
Market,EU27,AUT,COVERAGE_GAP,"TED procurement notices","GET /market/... (market-read.controller.ts)","ted-procurement-retained.ts refuses any notice whose buyer-country is not exactly POL"
Market,EU27,BEL,COVERAGE_GAP,"TED procurement notices","GET /market/... (market-read.controller.ts)","ted-procurement-retained.ts refuses any notice whose buyer-country is not exactly POL"
Market,EU27,BGR,COVERAGE_GAP,"TED procurement notices","GET /market/... (market-read.controller.ts)","ted-procurement-retained.ts refuses any notice whose buyer-country is not exactly POL"
Market,EU27,HRV,COVERAGE_GAP,"TED procurement notices","GET /market/... (market-read.controller.ts)","ted-procurement-retained.ts refuses any notice whose buyer-country is not exactly POL"
Market,EU27,CYP,COVERAGE_GAP,"TED procurement notices","GET /market/... (market-read.controller.ts)","ted-procurement-retained.ts refuses any notice whose buyer-country is not exactly POL"
Market,EU27,CZE,COVERAGE_GAP,"TED procurement notices","GET /market/... (market-read.controller.ts)","ted-procurement-retained.ts refuses any notice whose buyer-country is not exactly POL"
Market,EU27,DNK,COVERAGE_GAP,"TED procurement notices","GET /market/... (market-read.controller.ts)","ted-procurement-retained.ts refuses any notice whose buyer-country is not exactly POL"
Market,EU27,EST,COVERAGE_GAP,"TED procurement notices","GET /market/... (market-read.controller.ts)","ted-procurement-retained.ts refuses any notice whose buyer-country is not exactly POL"
Market,EU27,FIN,COVERAGE_GAP,"TED procurement notices","GET /market/... (market-read.controller.ts)","ted-procurement-retained.ts refuses any notice whose buyer-country is not exactly POL"
Market,EU27,FRA,COVERAGE_GAP,"TED procurement notices","GET /market/... (market-read.controller.ts)","ted-procurement-retained.ts refuses any notice whose buyer-country is not exactly POL"
Market,EU27,DEU,COVERAGE_GAP,"TED procurement notices","GET /market/... (market-read.controller.ts)","ted-procurement-retained.ts refuses any notice whose buyer-country is not exactly POL"
Market,EU27,GRC,COVERAGE_GAP,"TED procurement notices","GET /market/... (market-read.controller.ts)","ted-procurement-retained.ts refuses any notice whose buyer-country is not exactly POL"
Market,EU27,HUN,COVERAGE_GAP,"TED procurement notices","GET /market/... (market-read.controller.ts)","ted-procurement-retained.ts refuses any notice whose buyer-country is not exactly POL"
Market,EU27,IRL,COVERAGE_GAP,"TED procurement notices","GET /market/... (market-read.controller.ts)","ted-procurement-retained.ts refuses any notice whose buyer-country is not exactly POL"
Market,EU27,ITA,COVERAGE_GAP,"TED procurement notices","GET /market/... (market-read.controller.ts)","ted-procurement-retained.ts refuses any notice whose buyer-country is not exactly POL"
Market,EU27,LVA,COVERAGE_GAP,"TED procurement notices","GET /market/... (market-read.controller.ts)","ted-procurement-retained.ts refuses any notice whose buyer-country is not exactly POL"
Market,EU27,LTU,COVERAGE_GAP,"TED procurement notices","GET /market/... (market-read.controller.ts)","ted-procurement-retained.ts refuses any notice whose buyer-country is not exactly POL"
Market,EU27,LUX,COVERAGE_GAP,"TED procurement notices","GET /market/... (market-read.controller.ts)","ted-procurement-retained.ts refuses any notice whose buyer-country is not exactly POL"
Market,EU27,MLT,COVERAGE_GAP,"TED procurement notices","GET /market/... (market-read.controller.ts)","ted-procurement-retained.ts refuses any notice whose buyer-country is not exactly POL"
Market,EU27,NLD,COVERAGE_GAP,"TED procurement notices","GET /market/... (market-read.controller.ts)","ted-procurement-retained.ts refuses any notice whose buyer-country is not exactly POL"
Market,EU27,POL,DATA_AVAILABLE,"TED procurement notices","GET /market/... (market-read.controller.ts)","buyer-country IN (POL), publication-date 20260924"
Market,EU27,PRT,COVERAGE_GAP,"TED procurement notices","GET /market/... (market-read.controller.ts)","ted-procurement-retained.ts refuses any notice whose buyer-country is not exactly POL"
Market,EU27,ROU,COVERAGE_GAP,"TED procurement notices","GET /market/... (market-read.controller.ts)","ted-procurement-retained.ts refuses any notice whose buyer-country is not exactly POL"
Market,EU27,SVK,COVERAGE_GAP,"TED procurement notices","GET /market/... (market-read.controller.ts)","ted-procurement-retained.ts refuses any notice whose buyer-country is not exactly POL"
Market,EU27,SVN,COVERAGE_GAP,"TED procurement notices","GET /market/... (market-read.controller.ts)","ted-procurement-retained.ts refuses any notice whose buyer-country is not exactly POL"
Market,EU27,ESP,COVERAGE_GAP,"TED procurement notices","GET /market/... (market-read.controller.ts)","ted-procurement-retained.ts refuses any notice whose buyer-country is not exactly POL"
Market,EU27,SWE,COVERAGE_GAP,"TED procurement notices","GET /market/... (market-read.controller.ts)","ted-procurement-retained.ts refuses any notice whose buyer-country is not exactly POL"
Market,MIDDLE_EAST,BHR,COVERAGE_GAP,"TED procurement notices","GET /market/... (market-read.controller.ts)","ted-procurement-retained.ts refuses any notice whose buyer-country is not exactly POL"
Market,MIDDLE_EAST,EGY,COVERAGE_GAP,"TED procurement notices","GET /market/... (market-read.controller.ts)","ted-procurement-retained.ts refuses any notice whose buyer-country is not exactly POL"
Market,MIDDLE_EAST,IRN,COVERAGE_GAP,"TED procurement notices","GET /market/... (market-read.controller.ts)","ted-procurement-retained.ts refuses any notice whose buyer-country is not exactly POL"
Market,MIDDLE_EAST,IRQ,COVERAGE_GAP,"TED procurement notices","GET /market/... (market-read.controller.ts)","ted-procurement-retained.ts refuses any notice whose buyer-country is not exactly POL"
Market,MIDDLE_EAST,ISR,COVERAGE_GAP,"TED procurement notices","GET /market/... (market-read.controller.ts)","ted-procurement-retained.ts refuses any notice whose buyer-country is not exactly POL"
Market,MIDDLE_EAST,JOR,COVERAGE_GAP,"TED procurement notices","GET /market/... (market-read.controller.ts)","ted-procurement-retained.ts refuses any notice whose buyer-country is not exactly POL"
Market,MIDDLE_EAST,KWT,COVERAGE_GAP,"TED procurement notices","GET /market/... (market-read.controller.ts)","ted-procurement-retained.ts refuses any notice whose buyer-country is not exactly POL"
Market,MIDDLE_EAST,LBN,COVERAGE_GAP,"TED procurement notices","GET /market/... (market-read.controller.ts)","ted-procurement-retained.ts refuses any notice whose buyer-country is not exactly POL"
Market,MIDDLE_EAST,OMN,COVERAGE_GAP,"TED procurement notices","GET /market/... (market-read.controller.ts)","ted-procurement-retained.ts refuses any notice whose buyer-country is not exactly POL"
Market,MIDDLE_EAST,PSE,COVERAGE_GAP,"TED procurement notices","GET /market/... (market-read.controller.ts)","ted-procurement-retained.ts refuses any notice whose buyer-country is not exactly POL"
Market,MIDDLE_EAST,QAT,COVERAGE_GAP,"TED procurement notices","GET /market/... (market-read.controller.ts)","ted-procurement-retained.ts refuses any notice whose buyer-country is not exactly POL"
Market,MIDDLE_EAST,SAU,COVERAGE_GAP,"TED procurement notices","GET /market/... (market-read.controller.ts)","ted-procurement-retained.ts refuses any notice whose buyer-country is not exactly POL"
Market,MIDDLE_EAST,SYR,COVERAGE_GAP,"TED procurement notices","GET /market/... (market-read.controller.ts)","ted-procurement-retained.ts refuses any notice whose buyer-country is not exactly POL"
Market,MIDDLE_EAST,TUR,COVERAGE_GAP,"TED procurement notices","GET /market/... (market-read.controller.ts)","ted-procurement-retained.ts refuses any notice whose buyer-country is not exactly POL"
Market,MIDDLE_EAST,ARE,COVERAGE_GAP,"TED procurement notices","GET /market/... (market-read.controller.ts)","ted-procurement-retained.ts refuses any notice whose buyer-country is not exactly POL"
Market,MIDDLE_EAST,YEM,COVERAGE_GAP,"TED procurement notices","GET /market/... (market-read.controller.ts)","ted-procurement-retained.ts refuses any notice whose buyer-country is not exactly POL"
Economy,EAST_AFRICA,BDI,COVERAGE_GAP,"NISR CPI Rwanda (rw-nisr); Eurostat economy producer","GET /economy/observations","no producer enabled for this geography; Eurostat economy producer registered but not activated"
Economy,EAST_AFRICA,COD,COVERAGE_GAP,"NISR CPI Rwanda (rw-nisr); Eurostat economy producer","GET /economy/observations","no producer enabled for this geography; Eurostat economy producer registered but not activated"
Economy,EAST_AFRICA,DJI,COVERAGE_GAP,"NISR CPI Rwanda (rw-nisr); Eurostat economy producer","GET /economy/observations","no producer enabled for this geography; Eurostat economy producer registered but not activated"
Economy,EAST_AFRICA,ERI,COVERAGE_GAP,"NISR CPI Rwanda (rw-nisr); Eurostat economy producer","GET /economy/observations","no producer enabled for this geography; Eurostat economy producer registered but not activated"
Economy,EAST_AFRICA,ETH,COVERAGE_GAP,"NISR CPI Rwanda (rw-nisr); Eurostat economy producer","GET /economy/observations","no producer enabled for this geography; Eurostat economy producer registered but not activated"
Economy,EAST_AFRICA,KEN,COVERAGE_GAP,"NISR CPI Rwanda (rw-nisr); Eurostat economy producer","GET /economy/observations","no producer enabled for this geography; Eurostat economy producer registered but not activated"
Economy,EAST_AFRICA,RWA,PARTIAL,"NISR CPI Rwanda (rw-nisr); Eurostat economy producer","GET /economy/observations","NISR CPI retained, but normalizer declares enabled:false / ingestionMethod:none, Production HOLD, no UI binding; /economy route absent"
Economy,EAST_AFRICA,SOM,COVERAGE_GAP,"NISR CPI Rwanda (rw-nisr); Eurostat economy producer","GET /economy/observations","no producer enabled for this geography; Eurostat economy producer registered but not activated"
Economy,EAST_AFRICA,SSD,COVERAGE_GAP,"NISR CPI Rwanda (rw-nisr); Eurostat economy producer","GET /economy/observations","no producer enabled for this geography; Eurostat economy producer registered but not activated"
Economy,EAST_AFRICA,TZA,COVERAGE_GAP,"NISR CPI Rwanda (rw-nisr); Eurostat economy producer","GET /economy/observations","no producer enabled for this geography; Eurostat economy producer registered but not activated"
Economy,EAST_AFRICA,UGA,COVERAGE_GAP,"NISR CPI Rwanda (rw-nisr); Eurostat economy producer","GET /economy/observations","no producer enabled for this geography; Eurostat economy producer registered but not activated"
Economy,EU27,AUT,COVERAGE_GAP,"NISR CPI Rwanda (rw-nisr); Eurostat economy producer","GET /economy/observations","no producer enabled for this geography; Eurostat economy producer registered but not activated"
Economy,EU27,BEL,COVERAGE_GAP,"NISR CPI Rwanda (rw-nisr); Eurostat economy producer","GET /economy/observations","no producer enabled for this geography; Eurostat economy producer registered but not activated"
Economy,EU27,BGR,COVERAGE_GAP,"NISR CPI Rwanda (rw-nisr); Eurostat economy producer","GET /economy/observations","no producer enabled for this geography; Eurostat economy producer registered but not activated"
Economy,EU27,HRV,COVERAGE_GAP,"NISR CPI Rwanda (rw-nisr); Eurostat economy producer","GET /economy/observations","no producer enabled for this geography; Eurostat economy producer registered but not activated"
Economy,EU27,CYP,COVERAGE_GAP,"NISR CPI Rwanda (rw-nisr); Eurostat economy producer","GET /economy/observations","no producer enabled for this geography; Eurostat economy producer registered but not activated"
Economy,EU27,CZE,COVERAGE_GAP,"NISR CPI Rwanda (rw-nisr); Eurostat economy producer","GET /economy/observations","no producer enabled for this geography; Eurostat economy producer registered but not activated"
Economy,EU27,DNK,COVERAGE_GAP,"NISR CPI Rwanda (rw-nisr); Eurostat economy producer","GET /economy/observations","no producer enabled for this geography; Eurostat economy producer registered but not activated"
Economy,EU27,EST,COVERAGE_GAP,"NISR CPI Rwanda (rw-nisr); Eurostat economy producer","GET /economy/observations","no producer enabled for this geography; Eurostat economy producer registered but not activated"
Economy,EU27,FIN,COVERAGE_GAP,"NISR CPI Rwanda (rw-nisr); Eurostat economy producer","GET /economy/observations","no producer enabled for this geography; Eurostat economy producer registered but not activated"
Economy,EU27,FRA,COVERAGE_GAP,"NISR CPI Rwanda (rw-nisr); Eurostat economy producer","GET /economy/observations","no producer enabled for this geography; Eurostat economy producer registered but not activated"
Economy,EU27,DEU,COVERAGE_GAP,"NISR CPI Rwanda (rw-nisr); Eurostat economy producer","GET /economy/observations","no producer enabled for this geography; Eurostat economy producer registered but not activated"
Economy,EU27,GRC,COVERAGE_GAP,"NISR CPI Rwanda (rw-nisr); Eurostat economy producer","GET /economy/observations","no producer enabled for this geography; Eurostat economy producer registered but not activated"
Economy,EU27,HUN,COVERAGE_GAP,"NISR CPI Rwanda (rw-nisr); Eurostat economy producer","GET /economy/observations","no producer enabled for this geography; Eurostat economy producer registered but not activated"
Economy,EU27,IRL,COVERAGE_GAP,"NISR CPI Rwanda (rw-nisr); Eurostat economy producer","GET /economy/observations","no producer enabled for this geography; Eurostat economy producer registered but not activated"
Economy,EU27,ITA,COVERAGE_GAP,"NISR CPI Rwanda (rw-nisr); Eurostat economy producer","GET /economy/observations","no producer enabled for this geography; Eurostat economy producer registered but not activated"
Economy,EU27,LVA,COVERAGE_GAP,"NISR CPI Rwanda (rw-nisr); Eurostat economy producer","GET /economy/observations","no producer enabled for this geography; Eurostat economy producer registered but not activated"
Economy,EU27,LTU,COVERAGE_GAP,"NISR CPI Rwanda (rw-nisr); Eurostat economy producer","GET /economy/observations","no producer enabled for this geography; Eurostat economy producer registered but not activated"
Economy,EU27,LUX,COVERAGE_GAP,"NISR CPI Rwanda (rw-nisr); Eurostat economy producer","GET /economy/observations","no producer enabled for this geography; Eurostat economy producer registered but not activated"
Economy,EU27,MLT,COVERAGE_GAP,"NISR CPI Rwanda (rw-nisr); Eurostat economy producer","GET /economy/observations","no producer enabled for this geography; Eurostat economy producer registered but not activated"
Economy,EU27,NLD,COVERAGE_GAP,"NISR CPI Rwanda (rw-nisr); Eurostat economy producer","GET /economy/observations","no producer enabled for this geography; Eurostat economy producer registered but not activated"
Economy,EU27,POL,COVERAGE_GAP,"NISR CPI Rwanda (rw-nisr); Eurostat economy producer","GET /economy/observations","no producer enabled for this geography; Eurostat economy producer registered but not activated"
Economy,EU27,PRT,COVERAGE_GAP,"NISR CPI Rwanda (rw-nisr); Eurostat economy producer","GET /economy/observations","no producer enabled for this geography; Eurostat economy producer registered but not activated"
Economy,EU27,ROU,COVERAGE_GAP,"NISR CPI Rwanda (rw-nisr); Eurostat economy producer","GET /economy/observations","no producer enabled for this geography; Eurostat economy producer registered but not activated"
Economy,EU27,SVK,COVERAGE_GAP,"NISR CPI Rwanda (rw-nisr); Eurostat economy producer","GET /economy/observations","no producer enabled for this geography; Eurostat economy producer registered but not activated"
Economy,EU27,SVN,COVERAGE_GAP,"NISR CPI Rwanda (rw-nisr); Eurostat economy producer","GET /economy/observations","no producer enabled for this geography; Eurostat economy producer registered but not activated"
Economy,EU27,ESP,COVERAGE_GAP,"NISR CPI Rwanda (rw-nisr); Eurostat economy producer","GET /economy/observations","no producer enabled for this geography; Eurostat economy producer registered but not activated"
Economy,EU27,SWE,COVERAGE_GAP,"NISR CPI Rwanda (rw-nisr); Eurostat economy producer","GET /economy/observations","no producer enabled for this geography; Eurostat economy producer registered but not activated"
Economy,MIDDLE_EAST,BHR,COVERAGE_GAP,"NISR CPI Rwanda (rw-nisr); Eurostat economy producer","GET /economy/observations","no producer enabled for this geography; Eurostat economy producer registered but not activated"
Economy,MIDDLE_EAST,EGY,COVERAGE_GAP,"NISR CPI Rwanda (rw-nisr); Eurostat economy producer","GET /economy/observations","no producer enabled for this geography; Eurostat economy producer registered but not activated"
Economy,MIDDLE_EAST,IRN,COVERAGE_GAP,"NISR CPI Rwanda (rw-nisr); Eurostat economy producer","GET /economy/observations","no producer enabled for this geography; Eurostat economy producer registered but not activated"
Economy,MIDDLE_EAST,IRQ,COVERAGE_GAP,"NISR CPI Rwanda (rw-nisr); Eurostat economy producer","GET /economy/observations","no producer enabled for this geography; Eurostat economy producer registered but not activated"
Economy,MIDDLE_EAST,ISR,COVERAGE_GAP,"NISR CPI Rwanda (rw-nisr); Eurostat economy producer","GET /economy/observations","no producer enabled for this geography; Eurostat economy producer registered but not activated"
Economy,MIDDLE_EAST,JOR,COVERAGE_GAP,"NISR CPI Rwanda (rw-nisr); Eurostat economy producer","GET /economy/observations","no producer enabled for this geography; Eurostat economy producer registered but not activated"
Economy,MIDDLE_EAST,KWT,COVERAGE_GAP,"NISR CPI Rwanda (rw-nisr); Eurostat economy producer","GET /economy/observations","no producer enabled for this geography; Eurostat economy producer registered but not activated"
Economy,MIDDLE_EAST,LBN,COVERAGE_GAP,"NISR CPI Rwanda (rw-nisr); Eurostat economy producer","GET /economy/observations","no producer enabled for this geography; Eurostat economy producer registered but not activated"
Economy,MIDDLE_EAST,OMN,COVERAGE_GAP,"NISR CPI Rwanda (rw-nisr); Eurostat economy producer","GET /economy/observations","no producer enabled for this geography; Eurostat economy producer registered but not activated"
Economy,MIDDLE_EAST,PSE,COVERAGE_GAP,"NISR CPI Rwanda (rw-nisr); Eurostat economy producer","GET /economy/observations","no producer enabled for this geography; Eurostat economy producer registered but not activated"
Economy,MIDDLE_EAST,QAT,COVERAGE_GAP,"NISR CPI Rwanda (rw-nisr); Eurostat economy producer","GET /economy/observations","no producer enabled for this geography; Eurostat economy producer registered but not activated"
Economy,MIDDLE_EAST,SAU,COVERAGE_GAP,"NISR CPI Rwanda (rw-nisr); Eurostat economy producer","GET /economy/observations","no producer enabled for this geography; Eurostat economy producer registered but not activated"
Economy,MIDDLE_EAST,SYR,COVERAGE_GAP,"NISR CPI Rwanda (rw-nisr); Eurostat economy producer","GET /economy/observations","no producer enabled for this geography; Eurostat economy producer registered but not activated"
Economy,MIDDLE_EAST,TUR,COVERAGE_GAP,"NISR CPI Rwanda (rw-nisr); Eurostat economy producer","GET /economy/observations","no producer enabled for this geography; Eurostat economy producer registered but not activated"
Economy,MIDDLE_EAST,ARE,COVERAGE_GAP,"NISR CPI Rwanda (rw-nisr); Eurostat economy producer","GET /economy/observations","no producer enabled for this geography; Eurostat economy producer registered but not activated"
Economy,MIDDLE_EAST,YEM,COVERAGE_GAP,"NISR CPI Rwanda (rw-nisr); Eurostat economy producer","GET /economy/observations","no producer enabled for this geography; Eurostat economy producer registered but not activated"
Imihigo/Delivery,EAST_AFRICA,BDI,COVERAGE_GAP,"NISR Imihigo Evaluation Report 2024/25 (CC BY 4.0)","lib/imihigo/retainedReader.ts (local data/imihigo/)","corpus bounded to one NISR publication for Rwanda; expansion requires a separately reviewed source authority"
Imihigo/Delivery,EAST_AFRICA,COD,COVERAGE_GAP,"NISR Imihigo Evaluation Report 2024/25 (CC BY 4.0)","lib/imihigo/retainedReader.ts (local data/imihigo/)","corpus bounded to one NISR publication for Rwanda; expansion requires a separately reviewed source authority"
Imihigo/Delivery,EAST_AFRICA,DJI,COVERAGE_GAP,"NISR Imihigo Evaluation Report 2024/25 (CC BY 4.0)","lib/imihigo/retainedReader.ts (local data/imihigo/)","corpus bounded to one NISR publication for Rwanda; expansion requires a separately reviewed source authority"
Imihigo/Delivery,EAST_AFRICA,ERI,COVERAGE_GAP,"NISR Imihigo Evaluation Report 2024/25 (CC BY 4.0)","lib/imihigo/retainedReader.ts (local data/imihigo/)","corpus bounded to one NISR publication for Rwanda; expansion requires a separately reviewed source authority"
Imihigo/Delivery,EAST_AFRICA,ETH,COVERAGE_GAP,"NISR Imihigo Evaluation Report 2024/25 (CC BY 4.0)","lib/imihigo/retainedReader.ts (local data/imihigo/)","corpus bounded to one NISR publication for Rwanda; expansion requires a separately reviewed source authority"
Imihigo/Delivery,EAST_AFRICA,KEN,COVERAGE_GAP,"NISR Imihigo Evaluation Report 2024/25 (CC BY 4.0)","lib/imihigo/retainedReader.ts (local data/imihigo/)","corpus bounded to one NISR publication for Rwanda; expansion requires a separately reviewed source authority"
Imihigo/Delivery,EAST_AFRICA,RWA,DATA_AVAILABLE,"NISR Imihigo Evaluation Report 2024/25 (CC BY 4.0)","lib/imihigo/retainedReader.ts (local data/imihigo/)","27 district Final Scores + City of Kigali, one cycle, no schedule"
Imihigo/Delivery,EAST_AFRICA,SOM,COVERAGE_GAP,"NISR Imihigo Evaluation Report 2024/25 (CC BY 4.0)","lib/imihigo/retainedReader.ts (local data/imihigo/)","corpus bounded to one NISR publication for Rwanda; expansion requires a separately reviewed source authority"
Imihigo/Delivery,EAST_AFRICA,SSD,COVERAGE_GAP,"NISR Imihigo Evaluation Report 2024/25 (CC BY 4.0)","lib/imihigo/retainedReader.ts (local data/imihigo/)","corpus bounded to one NISR publication for Rwanda; expansion requires a separately reviewed source authority"
Imihigo/Delivery,EAST_AFRICA,TZA,COVERAGE_GAP,"NISR Imihigo Evaluation Report 2024/25 (CC BY 4.0)","lib/imihigo/retainedReader.ts (local data/imihigo/)","corpus bounded to one NISR publication for Rwanda; expansion requires a separately reviewed source authority"
Imihigo/Delivery,EAST_AFRICA,UGA,COVERAGE_GAP,"NISR Imihigo Evaluation Report 2024/25 (CC BY 4.0)","lib/imihigo/retainedReader.ts (local data/imihigo/)","corpus bounded to one NISR publication for Rwanda; expansion requires a separately reviewed source authority"
Imihigo/Delivery,EU27,AUT,COVERAGE_GAP,"NISR Imihigo Evaluation Report 2024/25 (CC BY 4.0)","lib/imihigo/retainedReader.ts (local data/imihigo/)","corpus bounded to one NISR publication for Rwanda; expansion requires a separately reviewed source authority"
Imihigo/Delivery,EU27,BEL,COVERAGE_GAP,"NISR Imihigo Evaluation Report 2024/25 (CC BY 4.0)","lib/imihigo/retainedReader.ts (local data/imihigo/)","corpus bounded to one NISR publication for Rwanda; expansion requires a separately reviewed source authority"
Imihigo/Delivery,EU27,BGR,COVERAGE_GAP,"NISR Imihigo Evaluation Report 2024/25 (CC BY 4.0)","lib/imihigo/retainedReader.ts (local data/imihigo/)","corpus bounded to one NISR publication for Rwanda; expansion requires a separately reviewed source authority"
Imihigo/Delivery,EU27,HRV,COVERAGE_GAP,"NISR Imihigo Evaluation Report 2024/25 (CC BY 4.0)","lib/imihigo/retainedReader.ts (local data/imihigo/)","corpus bounded to one NISR publication for Rwanda; expansion requires a separately reviewed source authority"
Imihigo/Delivery,EU27,CYP,COVERAGE_GAP,"NISR Imihigo Evaluation Report 2024/25 (CC BY 4.0)","lib/imihigo/retainedReader.ts (local data/imihigo/)","corpus bounded to one NISR publication for Rwanda; expansion requires a separately reviewed source authority"
Imihigo/Delivery,EU27,CZE,COVERAGE_GAP,"NISR Imihigo Evaluation Report 2024/25 (CC BY 4.0)","lib/imihigo/retainedReader.ts (local data/imihigo/)","corpus bounded to one NISR publication for Rwanda; expansion requires a separately reviewed source authority"
Imihigo/Delivery,EU27,DNK,COVERAGE_GAP,"NISR Imihigo Evaluation Report 2024/25 (CC BY 4.0)","lib/imihigo/retainedReader.ts (local data/imihigo/)","corpus bounded to one NISR publication for Rwanda; expansion requires a separately reviewed source authority"
Imihigo/Delivery,EU27,EST,COVERAGE_GAP,"NISR Imihigo Evaluation Report 2024/25 (CC BY 4.0)","lib/imihigo/retainedReader.ts (local data/imihigo/)","corpus bounded to one NISR publication for Rwanda; expansion requires a separately reviewed source authority"
Imihigo/Delivery,EU27,FIN,COVERAGE_GAP,"NISR Imihigo Evaluation Report 2024/25 (CC BY 4.0)","lib/imihigo/retainedReader.ts (local data/imihigo/)","corpus bounded to one NISR publication for Rwanda; expansion requires a separately reviewed source authority"
Imihigo/Delivery,EU27,FRA,COVERAGE_GAP,"NISR Imihigo Evaluation Report 2024/25 (CC BY 4.0)","lib/imihigo/retainedReader.ts (local data/imihigo/)","corpus bounded to one NISR publication for Rwanda; expansion requires a separately reviewed source authority"
Imihigo/Delivery,EU27,DEU,COVERAGE_GAP,"NISR Imihigo Evaluation Report 2024/25 (CC BY 4.0)","lib/imihigo/retainedReader.ts (local data/imihigo/)","corpus bounded to one NISR publication for Rwanda; expansion requires a separately reviewed source authority"
Imihigo/Delivery,EU27,GRC,COVERAGE_GAP,"NISR Imihigo Evaluation Report 2024/25 (CC BY 4.0)","lib/imihigo/retainedReader.ts (local data/imihigo/)","corpus bounded to one NISR publication for Rwanda; expansion requires a separately reviewed source authority"
Imihigo/Delivery,EU27,HUN,COVERAGE_GAP,"NISR Imihigo Evaluation Report 2024/25 (CC BY 4.0)","lib/imihigo/retainedReader.ts (local data/imihigo/)","corpus bounded to one NISR publication for Rwanda; expansion requires a separately reviewed source authority"
Imihigo/Delivery,EU27,IRL,COVERAGE_GAP,"NISR Imihigo Evaluation Report 2024/25 (CC BY 4.0)","lib/imihigo/retainedReader.ts (local data/imihigo/)","corpus bounded to one NISR publication for Rwanda; expansion requires a separately reviewed source authority"
Imihigo/Delivery,EU27,ITA,COVERAGE_GAP,"NISR Imihigo Evaluation Report 2024/25 (CC BY 4.0)","lib/imihigo/retainedReader.ts (local data/imihigo/)","corpus bounded to one NISR publication for Rwanda; expansion requires a separately reviewed source authority"
Imihigo/Delivery,EU27,LVA,COVERAGE_GAP,"NISR Imihigo Evaluation Report 2024/25 (CC BY 4.0)","lib/imihigo/retainedReader.ts (local data/imihigo/)","corpus bounded to one NISR publication for Rwanda; expansion requires a separately reviewed source authority"
Imihigo/Delivery,EU27,LTU,COVERAGE_GAP,"NISR Imihigo Evaluation Report 2024/25 (CC BY 4.0)","lib/imihigo/retainedReader.ts (local data/imihigo/)","corpus bounded to one NISR publication for Rwanda; expansion requires a separately reviewed source authority"
Imihigo/Delivery,EU27,LUX,COVERAGE_GAP,"NISR Imihigo Evaluation Report 2024/25 (CC BY 4.0)","lib/imihigo/retainedReader.ts (local data/imihigo/)","corpus bounded to one NISR publication for Rwanda; expansion requires a separately reviewed source authority"
Imihigo/Delivery,EU27,MLT,COVERAGE_GAP,"NISR Imihigo Evaluation Report 2024/25 (CC BY 4.0)","lib/imihigo/retainedReader.ts (local data/imihigo/)","corpus bounded to one NISR publication for Rwanda; expansion requires a separately reviewed source authority"
Imihigo/Delivery,EU27,NLD,COVERAGE_GAP,"NISR Imihigo Evaluation Report 2024/25 (CC BY 4.0)","lib/imihigo/retainedReader.ts (local data/imihigo/)","corpus bounded to one NISR publication for Rwanda; expansion requires a separately reviewed source authority"
Imihigo/Delivery,EU27,POL,COVERAGE_GAP,"NISR Imihigo Evaluation Report 2024/25 (CC BY 4.0)","lib/imihigo/retainedReader.ts (local data/imihigo/)","corpus bounded to one NISR publication for Rwanda; expansion requires a separately reviewed source authority"
Imihigo/Delivery,EU27,PRT,COVERAGE_GAP,"NISR Imihigo Evaluation Report 2024/25 (CC BY 4.0)","lib/imihigo/retainedReader.ts (local data/imihigo/)","corpus bounded to one NISR publication for Rwanda; expansion requires a separately reviewed source authority"
Imihigo/Delivery,EU27,ROU,COVERAGE_GAP,"NISR Imihigo Evaluation Report 2024/25 (CC BY 4.0)","lib/imihigo/retainedReader.ts (local data/imihigo/)","corpus bounded to one NISR publication for Rwanda; expansion requires a separately reviewed source authority"
Imihigo/Delivery,EU27,SVK,COVERAGE_GAP,"NISR Imihigo Evaluation Report 2024/25 (CC BY 4.0)","lib/imihigo/retainedReader.ts (local data/imihigo/)","corpus bounded to one NISR publication for Rwanda; expansion requires a separately reviewed source authority"
Imihigo/Delivery,EU27,SVN,COVERAGE_GAP,"NISR Imihigo Evaluation Report 2024/25 (CC BY 4.0)","lib/imihigo/retainedReader.ts (local data/imihigo/)","corpus bounded to one NISR publication for Rwanda; expansion requires a separately reviewed source authority"
Imihigo/Delivery,EU27,ESP,COVERAGE_GAP,"NISR Imihigo Evaluation Report 2024/25 (CC BY 4.0)","lib/imihigo/retainedReader.ts (local data/imihigo/)","corpus bounded to one NISR publication for Rwanda; expansion requires a separately reviewed source authority"
Imihigo/Delivery,EU27,SWE,COVERAGE_GAP,"NISR Imihigo Evaluation Report 2024/25 (CC BY 4.0)","lib/imihigo/retainedReader.ts (local data/imihigo/)","corpus bounded to one NISR publication for Rwanda; expansion requires a separately reviewed source authority"
Imihigo/Delivery,MIDDLE_EAST,BHR,COVERAGE_GAP,"NISR Imihigo Evaluation Report 2024/25 (CC BY 4.0)","lib/imihigo/retainedReader.ts (local data/imihigo/)","corpus bounded to one NISR publication for Rwanda; expansion requires a separately reviewed source authority"
Imihigo/Delivery,MIDDLE_EAST,EGY,COVERAGE_GAP,"NISR Imihigo Evaluation Report 2024/25 (CC BY 4.0)","lib/imihigo/retainedReader.ts (local data/imihigo/)","corpus bounded to one NISR publication for Rwanda; expansion requires a separately reviewed source authority"
Imihigo/Delivery,MIDDLE_EAST,IRN,COVERAGE_GAP,"NISR Imihigo Evaluation Report 2024/25 (CC BY 4.0)","lib/imihigo/retainedReader.ts (local data/imihigo/)","corpus bounded to one NISR publication for Rwanda; expansion requires a separately reviewed source authority"
Imihigo/Delivery,MIDDLE_EAST,IRQ,COVERAGE_GAP,"NISR Imihigo Evaluation Report 2024/25 (CC BY 4.0)","lib/imihigo/retainedReader.ts (local data/imihigo/)","corpus bounded to one NISR publication for Rwanda; expansion requires a separately reviewed source authority"
Imihigo/Delivery,MIDDLE_EAST,ISR,COVERAGE_GAP,"NISR Imihigo Evaluation Report 2024/25 (CC BY 4.0)","lib/imihigo/retainedReader.ts (local data/imihigo/)","corpus bounded to one NISR publication for Rwanda; expansion requires a separately reviewed source authority"
Imihigo/Delivery,MIDDLE_EAST,JOR,COVERAGE_GAP,"NISR Imihigo Evaluation Report 2024/25 (CC BY 4.0)","lib/imihigo/retainedReader.ts (local data/imihigo/)","corpus bounded to one NISR publication for Rwanda; expansion requires a separately reviewed source authority"
Imihigo/Delivery,MIDDLE_EAST,KWT,COVERAGE_GAP,"NISR Imihigo Evaluation Report 2024/25 (CC BY 4.0)","lib/imihigo/retainedReader.ts (local data/imihigo/)","corpus bounded to one NISR publication for Rwanda; expansion requires a separately reviewed source authority"
Imihigo/Delivery,MIDDLE_EAST,LBN,COVERAGE_GAP,"NISR Imihigo Evaluation Report 2024/25 (CC BY 4.0)","lib/imihigo/retainedReader.ts (local data/imihigo/)","corpus bounded to one NISR publication for Rwanda; expansion requires a separately reviewed source authority"
Imihigo/Delivery,MIDDLE_EAST,OMN,COVERAGE_GAP,"NISR Imihigo Evaluation Report 2024/25 (CC BY 4.0)","lib/imihigo/retainedReader.ts (local data/imihigo/)","corpus bounded to one NISR publication for Rwanda; expansion requires a separately reviewed source authority"
Imihigo/Delivery,MIDDLE_EAST,PSE,COVERAGE_GAP,"NISR Imihigo Evaluation Report 2024/25 (CC BY 4.0)","lib/imihigo/retainedReader.ts (local data/imihigo/)","corpus bounded to one NISR publication for Rwanda; expansion requires a separately reviewed source authority"
Imihigo/Delivery,MIDDLE_EAST,QAT,COVERAGE_GAP,"NISR Imihigo Evaluation Report 2024/25 (CC BY 4.0)","lib/imihigo/retainedReader.ts (local data/imihigo/)","corpus bounded to one NISR publication for Rwanda; expansion requires a separately reviewed source authority"
Imihigo/Delivery,MIDDLE_EAST,SAU,COVERAGE_GAP,"NISR Imihigo Evaluation Report 2024/25 (CC BY 4.0)","lib/imihigo/retainedReader.ts (local data/imihigo/)","corpus bounded to one NISR publication for Rwanda; expansion requires a separately reviewed source authority"
Imihigo/Delivery,MIDDLE_EAST,SYR,COVERAGE_GAP,"NISR Imihigo Evaluation Report 2024/25 (CC BY 4.0)","lib/imihigo/retainedReader.ts (local data/imihigo/)","corpus bounded to one NISR publication for Rwanda; expansion requires a separately reviewed source authority"
Imihigo/Delivery,MIDDLE_EAST,TUR,COVERAGE_GAP,"NISR Imihigo Evaluation Report 2024/25 (CC BY 4.0)","lib/imihigo/retainedReader.ts (local data/imihigo/)","corpus bounded to one NISR publication for Rwanda; expansion requires a separately reviewed source authority"
Imihigo/Delivery,MIDDLE_EAST,ARE,COVERAGE_GAP,"NISR Imihigo Evaluation Report 2024/25 (CC BY 4.0)","lib/imihigo/retainedReader.ts (local data/imihigo/)","corpus bounded to one NISR publication for Rwanda; expansion requires a separately reviewed source authority"
Imihigo/Delivery,MIDDLE_EAST,YEM,COVERAGE_GAP,"NISR Imihigo Evaluation Report 2024/25 (CC BY 4.0)","lib/imihigo/retainedReader.ts (local data/imihigo/)","corpus bounded to one NISR publication for Rwanda; expansion requires a separately reviewed source authority"
Humanitarian,EAST_AFRICA,BDI,COVERAGE_GAP,"Copernicus EMS producer","GET /humanitarian/...","no country allowlist declared; route states DEGRADED is the production state - no coverage authority, no population facet, 5 of 7 change states have no producer"
Humanitarian,EAST_AFRICA,COD,COVERAGE_GAP,"Copernicus EMS producer","GET /humanitarian/...","no country allowlist declared; route states DEGRADED is the production state - no coverage authority, no population facet, 5 of 7 change states have no producer"
Humanitarian,EAST_AFRICA,DJI,COVERAGE_GAP,"Copernicus EMS producer","GET /humanitarian/...","no country allowlist declared; route states DEGRADED is the production state - no coverage authority, no population facet, 5 of 7 change states have no producer"
Humanitarian,EAST_AFRICA,ERI,COVERAGE_GAP,"Copernicus EMS producer","GET /humanitarian/...","no country allowlist declared; route states DEGRADED is the production state - no coverage authority, no population facet, 5 of 7 change states have no producer"
Humanitarian,EAST_AFRICA,ETH,COVERAGE_GAP,"Copernicus EMS producer","GET /humanitarian/...","no country allowlist declared; route states DEGRADED is the production state - no coverage authority, no population facet, 5 of 7 change states have no producer"
Humanitarian,EAST_AFRICA,KEN,COVERAGE_GAP,"Copernicus EMS producer","GET /humanitarian/...","no country allowlist declared; route states DEGRADED is the production state - no coverage authority, no population facet, 5 of 7 change states have no producer"
Humanitarian,EAST_AFRICA,RWA,COVERAGE_GAP,"Copernicus EMS producer","GET /humanitarian/...","no country allowlist declared; route states DEGRADED is the production state - no coverage authority, no population facet, 5 of 7 change states have no producer"
Humanitarian,EAST_AFRICA,SOM,COVERAGE_GAP,"Copernicus EMS producer","GET /humanitarian/...","no country allowlist declared; route states DEGRADED is the production state - no coverage authority, no population facet, 5 of 7 change states have no producer"
Humanitarian,EAST_AFRICA,SSD,COVERAGE_GAP,"Copernicus EMS producer","GET /humanitarian/...","no country allowlist declared; route states DEGRADED is the production state - no coverage authority, no population facet, 5 of 7 change states have no producer"
Humanitarian,EAST_AFRICA,TZA,COVERAGE_GAP,"Copernicus EMS producer","GET /humanitarian/...","no country allowlist declared; route states DEGRADED is the production state - no coverage authority, no population facet, 5 of 7 change states have no producer"
Humanitarian,EAST_AFRICA,UGA,COVERAGE_GAP,"Copernicus EMS producer","GET /humanitarian/...","no country allowlist declared; route states DEGRADED is the production state - no coverage authority, no population facet, 5 of 7 change states have no producer"
Humanitarian,EU27,AUT,COVERAGE_GAP,"Copernicus EMS producer","GET /humanitarian/...","no country allowlist declared; route states DEGRADED is the production state - no coverage authority, no population facet, 5 of 7 change states have no producer"
Humanitarian,EU27,BEL,COVERAGE_GAP,"Copernicus EMS producer","GET /humanitarian/...","no country allowlist declared; route states DEGRADED is the production state - no coverage authority, no population facet, 5 of 7 change states have no producer"
Humanitarian,EU27,BGR,COVERAGE_GAP,"Copernicus EMS producer","GET /humanitarian/...","no country allowlist declared; route states DEGRADED is the production state - no coverage authority, no population facet, 5 of 7 change states have no producer"
Humanitarian,EU27,HRV,COVERAGE_GAP,"Copernicus EMS producer","GET /humanitarian/...","no country allowlist declared; route states DEGRADED is the production state - no coverage authority, no population facet, 5 of 7 change states have no producer"
Humanitarian,EU27,CYP,COVERAGE_GAP,"Copernicus EMS producer","GET /humanitarian/...","no country allowlist declared; route states DEGRADED is the production state - no coverage authority, no population facet, 5 of 7 change states have no producer"
Humanitarian,EU27,CZE,COVERAGE_GAP,"Copernicus EMS producer","GET /humanitarian/...","no country allowlist declared; route states DEGRADED is the production state - no coverage authority, no population facet, 5 of 7 change states have no producer"
Humanitarian,EU27,DNK,COVERAGE_GAP,"Copernicus EMS producer","GET /humanitarian/...","no country allowlist declared; route states DEGRADED is the production state - no coverage authority, no population facet, 5 of 7 change states have no producer"
Humanitarian,EU27,EST,COVERAGE_GAP,"Copernicus EMS producer","GET /humanitarian/...","no country allowlist declared; route states DEGRADED is the production state - no coverage authority, no population facet, 5 of 7 change states have no producer"
Humanitarian,EU27,FIN,COVERAGE_GAP,"Copernicus EMS producer","GET /humanitarian/...","no country allowlist declared; route states DEGRADED is the production state - no coverage authority, no population facet, 5 of 7 change states have no producer"
Humanitarian,EU27,FRA,COVERAGE_GAP,"Copernicus EMS producer","GET /humanitarian/...","no country allowlist declared; route states DEGRADED is the production state - no coverage authority, no population facet, 5 of 7 change states have no producer"
Humanitarian,EU27,DEU,COVERAGE_GAP,"Copernicus EMS producer","GET /humanitarian/...","no country allowlist declared; route states DEGRADED is the production state - no coverage authority, no population facet, 5 of 7 change states have no producer"
Humanitarian,EU27,GRC,COVERAGE_GAP,"Copernicus EMS producer","GET /humanitarian/...","no country allowlist declared; route states DEGRADED is the production state - no coverage authority, no population facet, 5 of 7 change states have no producer"
Humanitarian,EU27,HUN,COVERAGE_GAP,"Copernicus EMS producer","GET /humanitarian/...","no country allowlist declared; route states DEGRADED is the production state - no coverage authority, no population facet, 5 of 7 change states have no producer"
Humanitarian,EU27,IRL,COVERAGE_GAP,"Copernicus EMS producer","GET /humanitarian/...","no country allowlist declared; route states DEGRADED is the production state - no coverage authority, no population facet, 5 of 7 change states have no producer"
Humanitarian,EU27,ITA,COVERAGE_GAP,"Copernicus EMS producer","GET /humanitarian/...","no country allowlist declared; route states DEGRADED is the production state - no coverage authority, no population facet, 5 of 7 change states have no producer"
Humanitarian,EU27,LVA,COVERAGE_GAP,"Copernicus EMS producer","GET /humanitarian/...","no country allowlist declared; route states DEGRADED is the production state - no coverage authority, no population facet, 5 of 7 change states have no producer"
Humanitarian,EU27,LTU,COVERAGE_GAP,"Copernicus EMS producer","GET /humanitarian/...","no country allowlist declared; route states DEGRADED is the production state - no coverage authority, no population facet, 5 of 7 change states have no producer"
Humanitarian,EU27,LUX,COVERAGE_GAP,"Copernicus EMS producer","GET /humanitarian/...","no country allowlist declared; route states DEGRADED is the production state - no coverage authority, no population facet, 5 of 7 change states have no producer"
Humanitarian,EU27,MLT,COVERAGE_GAP,"Copernicus EMS producer","GET /humanitarian/...","no country allowlist declared; route states DEGRADED is the production state - no coverage authority, no population facet, 5 of 7 change states have no producer"
Humanitarian,EU27,NLD,COVERAGE_GAP,"Copernicus EMS producer","GET /humanitarian/...","no country allowlist declared; route states DEGRADED is the production state - no coverage authority, no population facet, 5 of 7 change states have no producer"
Humanitarian,EU27,POL,COVERAGE_GAP,"Copernicus EMS producer","GET /humanitarian/...","no country allowlist declared; route states DEGRADED is the production state - no coverage authority, no population facet, 5 of 7 change states have no producer"
Humanitarian,EU27,PRT,COVERAGE_GAP,"Copernicus EMS producer","GET /humanitarian/...","no country allowlist declared; route states DEGRADED is the production state - no coverage authority, no population facet, 5 of 7 change states have no producer"
Humanitarian,EU27,ROU,COVERAGE_GAP,"Copernicus EMS producer","GET /humanitarian/...","no country allowlist declared; route states DEGRADED is the production state - no coverage authority, no population facet, 5 of 7 change states have no producer"
Humanitarian,EU27,SVK,COVERAGE_GAP,"Copernicus EMS producer","GET /humanitarian/...","no country allowlist declared; route states DEGRADED is the production state - no coverage authority, no population facet, 5 of 7 change states have no producer"
Humanitarian,EU27,SVN,COVERAGE_GAP,"Copernicus EMS producer","GET /humanitarian/...","no country allowlist declared; route states DEGRADED is the production state - no coverage authority, no population facet, 5 of 7 change states have no producer"
Humanitarian,EU27,ESP,COVERAGE_GAP,"Copernicus EMS producer","GET /humanitarian/...","no country allowlist declared; route states DEGRADED is the production state - no coverage authority, no population facet, 5 of 7 change states have no producer"
Humanitarian,EU27,SWE,COVERAGE_GAP,"Copernicus EMS producer","GET /humanitarian/...","no country allowlist declared; route states DEGRADED is the production state - no coverage authority, no population facet, 5 of 7 change states have no producer"
Humanitarian,MIDDLE_EAST,BHR,COVERAGE_GAP,"Copernicus EMS producer","GET /humanitarian/...","no country allowlist declared; route states DEGRADED is the production state - no coverage authority, no population facet, 5 of 7 change states have no producer"
Humanitarian,MIDDLE_EAST,EGY,COVERAGE_GAP,"Copernicus EMS producer","GET /humanitarian/...","no country allowlist declared; route states DEGRADED is the production state - no coverage authority, no population facet, 5 of 7 change states have no producer"
Humanitarian,MIDDLE_EAST,IRN,COVERAGE_GAP,"Copernicus EMS producer","GET /humanitarian/...","no country allowlist declared; route states DEGRADED is the production state - no coverage authority, no population facet, 5 of 7 change states have no producer"
Humanitarian,MIDDLE_EAST,IRQ,COVERAGE_GAP,"Copernicus EMS producer","GET /humanitarian/...","no country allowlist declared; route states DEGRADED is the production state - no coverage authority, no population facet, 5 of 7 change states have no producer"
Humanitarian,MIDDLE_EAST,ISR,COVERAGE_GAP,"Copernicus EMS producer","GET /humanitarian/...","no country allowlist declared; route states DEGRADED is the production state - no coverage authority, no population facet, 5 of 7 change states have no producer"
Humanitarian,MIDDLE_EAST,JOR,COVERAGE_GAP,"Copernicus EMS producer","GET /humanitarian/...","no country allowlist declared; route states DEGRADED is the production state - no coverage authority, no population facet, 5 of 7 change states have no producer"
Humanitarian,MIDDLE_EAST,KWT,COVERAGE_GAP,"Copernicus EMS producer","GET /humanitarian/...","no country allowlist declared; route states DEGRADED is the production state - no coverage authority, no population facet, 5 of 7 change states have no producer"
Humanitarian,MIDDLE_EAST,LBN,COVERAGE_GAP,"Copernicus EMS producer","GET /humanitarian/...","no country allowlist declared; route states DEGRADED is the production state - no coverage authority, no population facet, 5 of 7 change states have no producer"
Humanitarian,MIDDLE_EAST,OMN,COVERAGE_GAP,"Copernicus EMS producer","GET /humanitarian/...","no country allowlist declared; route states DEGRADED is the production state - no coverage authority, no population facet, 5 of 7 change states have no producer"
Humanitarian,MIDDLE_EAST,PSE,COVERAGE_GAP,"Copernicus EMS producer","GET /humanitarian/...","no country allowlist declared; route states DEGRADED is the production state - no coverage authority, no population facet, 5 of 7 change states have no producer"
Humanitarian,MIDDLE_EAST,QAT,COVERAGE_GAP,"Copernicus EMS producer","GET /humanitarian/...","no country allowlist declared; route states DEGRADED is the production state - no coverage authority, no population facet, 5 of 7 change states have no producer"
Humanitarian,MIDDLE_EAST,SAU,COVERAGE_GAP,"Copernicus EMS producer","GET /humanitarian/...","no country allowlist declared; route states DEGRADED is the production state - no coverage authority, no population facet, 5 of 7 change states have no producer"
Humanitarian,MIDDLE_EAST,SYR,COVERAGE_GAP,"Copernicus EMS producer","GET /humanitarian/...","no country allowlist declared; route states DEGRADED is the production state - no coverage authority, no population facet, 5 of 7 change states have no producer"
Humanitarian,MIDDLE_EAST,TUR,COVERAGE_GAP,"Copernicus EMS producer","GET /humanitarian/...","no country allowlist declared; route states DEGRADED is the production state - no coverage authority, no population facet, 5 of 7 change states have no producer"
Humanitarian,MIDDLE_EAST,ARE,COVERAGE_GAP,"Copernicus EMS producer","GET /humanitarian/...","no country allowlist declared; route states DEGRADED is the production state - no coverage authority, no population facet, 5 of 7 change states have no producer"
Humanitarian,MIDDLE_EAST,YEM,COVERAGE_GAP,"Copernicus EMS producer","GET /humanitarian/...","no country allowlist declared; route states DEGRADED is the production state - no coverage authority, no population facet, 5 of 7 change states have no producer"
Politics,EAST_AFRICA,BDI,COVERAGE_GAP,"offline producer","GET /politics/observations","politics.producer.ts is a pure offline producer: no fetching, scheduling or database"
Politics,EAST_AFRICA,COD,COVERAGE_GAP,"offline producer","GET /politics/observations","politics.producer.ts is a pure offline producer: no fetching, scheduling or database"
Politics,EAST_AFRICA,DJI,COVERAGE_GAP,"offline producer","GET /politics/observations","politics.producer.ts is a pure offline producer: no fetching, scheduling or database"
Politics,EAST_AFRICA,ERI,COVERAGE_GAP,"offline producer","GET /politics/observations","politics.producer.ts is a pure offline producer: no fetching, scheduling or database"
Politics,EAST_AFRICA,ETH,COVERAGE_GAP,"offline producer","GET /politics/observations","politics.producer.ts is a pure offline producer: no fetching, scheduling or database"
Politics,EAST_AFRICA,KEN,COVERAGE_GAP,"offline producer","GET /politics/observations","politics.producer.ts is a pure offline producer: no fetching, scheduling or database"
Politics,EAST_AFRICA,RWA,COVERAGE_GAP,"offline producer","GET /politics/observations","politics.producer.ts is a pure offline producer: no fetching, scheduling or database"
Politics,EAST_AFRICA,SOM,COVERAGE_GAP,"offline producer","GET /politics/observations","politics.producer.ts is a pure offline producer: no fetching, scheduling or database"
Politics,EAST_AFRICA,SSD,COVERAGE_GAP,"offline producer","GET /politics/observations","politics.producer.ts is a pure offline producer: no fetching, scheduling or database"
Politics,EAST_AFRICA,TZA,COVERAGE_GAP,"offline producer","GET /politics/observations","politics.producer.ts is a pure offline producer: no fetching, scheduling or database"
Politics,EAST_AFRICA,UGA,COVERAGE_GAP,"offline producer","GET /politics/observations","politics.producer.ts is a pure offline producer: no fetching, scheduling or database"
Politics,EU27,AUT,COVERAGE_GAP,"offline producer","GET /politics/observations","politics.producer.ts is a pure offline producer: no fetching, scheduling or database"
Politics,EU27,BEL,COVERAGE_GAP,"offline producer","GET /politics/observations","politics.producer.ts is a pure offline producer: no fetching, scheduling or database"
Politics,EU27,BGR,COVERAGE_GAP,"offline producer","GET /politics/observations","politics.producer.ts is a pure offline producer: no fetching, scheduling or database"
Politics,EU27,HRV,COVERAGE_GAP,"offline producer","GET /politics/observations","politics.producer.ts is a pure offline producer: no fetching, scheduling or database"
Politics,EU27,CYP,COVERAGE_GAP,"offline producer","GET /politics/observations","politics.producer.ts is a pure offline producer: no fetching, scheduling or database"
Politics,EU27,CZE,COVERAGE_GAP,"offline producer","GET /politics/observations","politics.producer.ts is a pure offline producer: no fetching, scheduling or database"
Politics,EU27,DNK,COVERAGE_GAP,"offline producer","GET /politics/observations","politics.producer.ts is a pure offline producer: no fetching, scheduling or database"
Politics,EU27,EST,COVERAGE_GAP,"offline producer","GET /politics/observations","politics.producer.ts is a pure offline producer: no fetching, scheduling or database"
Politics,EU27,FIN,COVERAGE_GAP,"offline producer","GET /politics/observations","politics.producer.ts is a pure offline producer: no fetching, scheduling or database"
Politics,EU27,FRA,COVERAGE_GAP,"offline producer","GET /politics/observations","politics.producer.ts is a pure offline producer: no fetching, scheduling or database"
Politics,EU27,DEU,COVERAGE_GAP,"offline producer","GET /politics/observations","politics.producer.ts is a pure offline producer: no fetching, scheduling or database"
Politics,EU27,GRC,COVERAGE_GAP,"offline producer","GET /politics/observations","politics.producer.ts is a pure offline producer: no fetching, scheduling or database"
Politics,EU27,HUN,COVERAGE_GAP,"offline producer","GET /politics/observations","politics.producer.ts is a pure offline producer: no fetching, scheduling or database"
Politics,EU27,IRL,COVERAGE_GAP,"offline producer","GET /politics/observations","politics.producer.ts is a pure offline producer: no fetching, scheduling or database"
Politics,EU27,ITA,COVERAGE_GAP,"offline producer","GET /politics/observations","politics.producer.ts is a pure offline producer: no fetching, scheduling or database"
Politics,EU27,LVA,COVERAGE_GAP,"offline producer","GET /politics/observations","politics.producer.ts is a pure offline producer: no fetching, scheduling or database"
Politics,EU27,LTU,COVERAGE_GAP,"offline producer","GET /politics/observations","politics.producer.ts is a pure offline producer: no fetching, scheduling or database"
Politics,EU27,LUX,COVERAGE_GAP,"offline producer","GET /politics/observations","politics.producer.ts is a pure offline producer: no fetching, scheduling or database"
Politics,EU27,MLT,COVERAGE_GAP,"offline producer","GET /politics/observations","politics.producer.ts is a pure offline producer: no fetching, scheduling or database"
Politics,EU27,NLD,COVERAGE_GAP,"offline producer","GET /politics/observations","politics.producer.ts is a pure offline producer: no fetching, scheduling or database"
Politics,EU27,POL,COVERAGE_GAP,"offline producer","GET /politics/observations","politics.producer.ts is a pure offline producer: no fetching, scheduling or database"
Politics,EU27,PRT,COVERAGE_GAP,"offline producer","GET /politics/observations","politics.producer.ts is a pure offline producer: no fetching, scheduling or database"
Politics,EU27,ROU,COVERAGE_GAP,"offline producer","GET /politics/observations","politics.producer.ts is a pure offline producer: no fetching, scheduling or database"
Politics,EU27,SVK,COVERAGE_GAP,"offline producer","GET /politics/observations","politics.producer.ts is a pure offline producer: no fetching, scheduling or database"
Politics,EU27,SVN,COVERAGE_GAP,"offline producer","GET /politics/observations","politics.producer.ts is a pure offline producer: no fetching, scheduling or database"
Politics,EU27,ESP,COVERAGE_GAP,"offline producer","GET /politics/observations","politics.producer.ts is a pure offline producer: no fetching, scheduling or database"
Politics,EU27,SWE,COVERAGE_GAP,"offline producer","GET /politics/observations","politics.producer.ts is a pure offline producer: no fetching, scheduling or database"
Politics,MIDDLE_EAST,BHR,COVERAGE_GAP,"offline producer","GET /politics/observations","politics.producer.ts is a pure offline producer: no fetching, scheduling or database"
Politics,MIDDLE_EAST,EGY,COVERAGE_GAP,"offline producer","GET /politics/observations","politics.producer.ts is a pure offline producer: no fetching, scheduling or database"
Politics,MIDDLE_EAST,IRN,COVERAGE_GAP,"offline producer","GET /politics/observations","politics.producer.ts is a pure offline producer: no fetching, scheduling or database"
Politics,MIDDLE_EAST,IRQ,COVERAGE_GAP,"offline producer","GET /politics/observations","politics.producer.ts is a pure offline producer: no fetching, scheduling or database"
Politics,MIDDLE_EAST,ISR,COVERAGE_GAP,"offline producer","GET /politics/observations","politics.producer.ts is a pure offline producer: no fetching, scheduling or database"
Politics,MIDDLE_EAST,JOR,COVERAGE_GAP,"offline producer","GET /politics/observations","politics.producer.ts is a pure offline producer: no fetching, scheduling or database"
Politics,MIDDLE_EAST,KWT,COVERAGE_GAP,"offline producer","GET /politics/observations","politics.producer.ts is a pure offline producer: no fetching, scheduling or database"
Politics,MIDDLE_EAST,LBN,COVERAGE_GAP,"offline producer","GET /politics/observations","politics.producer.ts is a pure offline producer: no fetching, scheduling or database"
Politics,MIDDLE_EAST,OMN,COVERAGE_GAP,"offline producer","GET /politics/observations","politics.producer.ts is a pure offline producer: no fetching, scheduling or database"
Politics,MIDDLE_EAST,PSE,COVERAGE_GAP,"offline producer","GET /politics/observations","politics.producer.ts is a pure offline producer: no fetching, scheduling or database"
Politics,MIDDLE_EAST,QAT,COVERAGE_GAP,"offline producer","GET /politics/observations","politics.producer.ts is a pure offline producer: no fetching, scheduling or database"
Politics,MIDDLE_EAST,SAU,COVERAGE_GAP,"offline producer","GET /politics/observations","politics.producer.ts is a pure offline producer: no fetching, scheduling or database"
Politics,MIDDLE_EAST,SYR,COVERAGE_GAP,"offline producer","GET /politics/observations","politics.producer.ts is a pure offline producer: no fetching, scheduling or database"
Politics,MIDDLE_EAST,TUR,COVERAGE_GAP,"offline producer","GET /politics/observations","politics.producer.ts is a pure offline producer: no fetching, scheduling or database"
Politics,MIDDLE_EAST,ARE,COVERAGE_GAP,"offline producer","GET /politics/observations","politics.producer.ts is a pure offline producer: no fetching, scheduling or database"
Politics,MIDDLE_EAST,YEM,COVERAGE_GAP,"offline producer","GET /politics/observations","politics.producer.ts is a pure offline producer: no fetching, scheduling or database"
Security,EAST_AFRICA,BDI,COVERAGE_GAP,"NONE","NONE","no read model and no producer exist for Security; lib/security/ holds strings, zones and labels only"
Security,EAST_AFRICA,COD,COVERAGE_GAP,"NONE","NONE","no read model and no producer exist for Security; lib/security/ holds strings, zones and labels only"
Security,EAST_AFRICA,DJI,COVERAGE_GAP,"NONE","NONE","no read model and no producer exist for Security; lib/security/ holds strings, zones and labels only"
Security,EAST_AFRICA,ERI,COVERAGE_GAP,"NONE","NONE","no read model and no producer exist for Security; lib/security/ holds strings, zones and labels only"
Security,EAST_AFRICA,ETH,COVERAGE_GAP,"NONE","NONE","no read model and no producer exist for Security; lib/security/ holds strings, zones and labels only"
Security,EAST_AFRICA,KEN,COVERAGE_GAP,"NONE","NONE","no read model and no producer exist for Security; lib/security/ holds strings, zones and labels only"
Security,EAST_AFRICA,RWA,COVERAGE_GAP,"NONE","NONE","no read model and no producer exist for Security; lib/security/ holds strings, zones and labels only"
Security,EAST_AFRICA,SOM,COVERAGE_GAP,"NONE","NONE","no read model and no producer exist for Security; lib/security/ holds strings, zones and labels only"
Security,EAST_AFRICA,SSD,COVERAGE_GAP,"NONE","NONE","no read model and no producer exist for Security; lib/security/ holds strings, zones and labels only"
Security,EAST_AFRICA,TZA,COVERAGE_GAP,"NONE","NONE","no read model and no producer exist for Security; lib/security/ holds strings, zones and labels only"
Security,EAST_AFRICA,UGA,COVERAGE_GAP,"NONE","NONE","no read model and no producer exist for Security; lib/security/ holds strings, zones and labels only"
Security,EU27,AUT,COVERAGE_GAP,"NONE","NONE","no read model and no producer exist for Security; lib/security/ holds strings, zones and labels only"
Security,EU27,BEL,COVERAGE_GAP,"NONE","NONE","no read model and no producer exist for Security; lib/security/ holds strings, zones and labels only"
Security,EU27,BGR,COVERAGE_GAP,"NONE","NONE","no read model and no producer exist for Security; lib/security/ holds strings, zones and labels only"
Security,EU27,HRV,COVERAGE_GAP,"NONE","NONE","no read model and no producer exist for Security; lib/security/ holds strings, zones and labels only"
Security,EU27,CYP,COVERAGE_GAP,"NONE","NONE","no read model and no producer exist for Security; lib/security/ holds strings, zones and labels only"
Security,EU27,CZE,COVERAGE_GAP,"NONE","NONE","no read model and no producer exist for Security; lib/security/ holds strings, zones and labels only"
Security,EU27,DNK,COVERAGE_GAP,"NONE","NONE","no read model and no producer exist for Security; lib/security/ holds strings, zones and labels only"
Security,EU27,EST,COVERAGE_GAP,"NONE","NONE","no read model and no producer exist for Security; lib/security/ holds strings, zones and labels only"
Security,EU27,FIN,COVERAGE_GAP,"NONE","NONE","no read model and no producer exist for Security; lib/security/ holds strings, zones and labels only"
Security,EU27,FRA,COVERAGE_GAP,"NONE","NONE","no read model and no producer exist for Security; lib/security/ holds strings, zones and labels only"
Security,EU27,DEU,COVERAGE_GAP,"NONE","NONE","no read model and no producer exist for Security; lib/security/ holds strings, zones and labels only"
Security,EU27,GRC,COVERAGE_GAP,"NONE","NONE","no read model and no producer exist for Security; lib/security/ holds strings, zones and labels only"
Security,EU27,HUN,COVERAGE_GAP,"NONE","NONE","no read model and no producer exist for Security; lib/security/ holds strings, zones and labels only"
Security,EU27,IRL,COVERAGE_GAP,"NONE","NONE","no read model and no producer exist for Security; lib/security/ holds strings, zones and labels only"
Security,EU27,ITA,COVERAGE_GAP,"NONE","NONE","no read model and no producer exist for Security; lib/security/ holds strings, zones and labels only"
Security,EU27,LVA,COVERAGE_GAP,"NONE","NONE","no read model and no producer exist for Security; lib/security/ holds strings, zones and labels only"
Security,EU27,LTU,COVERAGE_GAP,"NONE","NONE","no read model and no producer exist for Security; lib/security/ holds strings, zones and labels only"
Security,EU27,LUX,COVERAGE_GAP,"NONE","NONE","no read model and no producer exist for Security; lib/security/ holds strings, zones and labels only"
Security,EU27,MLT,COVERAGE_GAP,"NONE","NONE","no read model and no producer exist for Security; lib/security/ holds strings, zones and labels only"
Security,EU27,NLD,COVERAGE_GAP,"NONE","NONE","no read model and no producer exist for Security; lib/security/ holds strings, zones and labels only"
Security,EU27,POL,COVERAGE_GAP,"NONE","NONE","no read model and no producer exist for Security; lib/security/ holds strings, zones and labels only"
Security,EU27,PRT,COVERAGE_GAP,"NONE","NONE","no read model and no producer exist for Security; lib/security/ holds strings, zones and labels only"
Security,EU27,ROU,COVERAGE_GAP,"NONE","NONE","no read model and no producer exist for Security; lib/security/ holds strings, zones and labels only"
Security,EU27,SVK,COVERAGE_GAP,"NONE","NONE","no read model and no producer exist for Security; lib/security/ holds strings, zones and labels only"
Security,EU27,SVN,COVERAGE_GAP,"NONE","NONE","no read model and no producer exist for Security; lib/security/ holds strings, zones and labels only"
Security,EU27,ESP,COVERAGE_GAP,"NONE","NONE","no read model and no producer exist for Security; lib/security/ holds strings, zones and labels only"
Security,EU27,SWE,COVERAGE_GAP,"NONE","NONE","no read model and no producer exist for Security; lib/security/ holds strings, zones and labels only"
Security,MIDDLE_EAST,BHR,COVERAGE_GAP,"NONE","NONE","no read model and no producer exist for Security; lib/security/ holds strings, zones and labels only"
Security,MIDDLE_EAST,EGY,COVERAGE_GAP,"NONE","NONE","no read model and no producer exist for Security; lib/security/ holds strings, zones and labels only"
Security,MIDDLE_EAST,IRN,COVERAGE_GAP,"NONE","NONE","no read model and no producer exist for Security; lib/security/ holds strings, zones and labels only"
Security,MIDDLE_EAST,IRQ,COVERAGE_GAP,"NONE","NONE","no read model and no producer exist for Security; lib/security/ holds strings, zones and labels only"
Security,MIDDLE_EAST,ISR,COVERAGE_GAP,"NONE","NONE","no read model and no producer exist for Security; lib/security/ holds strings, zones and labels only"
Security,MIDDLE_EAST,JOR,COVERAGE_GAP,"NONE","NONE","no read model and no producer exist for Security; lib/security/ holds strings, zones and labels only"
Security,MIDDLE_EAST,KWT,COVERAGE_GAP,"NONE","NONE","no read model and no producer exist for Security; lib/security/ holds strings, zones and labels only"
Security,MIDDLE_EAST,LBN,COVERAGE_GAP,"NONE","NONE","no read model and no producer exist for Security; lib/security/ holds strings, zones and labels only"
Security,MIDDLE_EAST,OMN,COVERAGE_GAP,"NONE","NONE","no read model and no producer exist for Security; lib/security/ holds strings, zones and labels only"
Security,MIDDLE_EAST,PSE,COVERAGE_GAP,"NONE","NONE","no read model and no producer exist for Security; lib/security/ holds strings, zones and labels only"
Security,MIDDLE_EAST,QAT,COVERAGE_GAP,"NONE","NONE","no read model and no producer exist for Security; lib/security/ holds strings, zones and labels only"
Security,MIDDLE_EAST,SAU,COVERAGE_GAP,"NONE","NONE","no read model and no producer exist for Security; lib/security/ holds strings, zones and labels only"
Security,MIDDLE_EAST,SYR,COVERAGE_GAP,"NONE","NONE","no read model and no producer exist for Security; lib/security/ holds strings, zones and labels only"
Security,MIDDLE_EAST,TUR,COVERAGE_GAP,"NONE","NONE","no read model and no producer exist for Security; lib/security/ holds strings, zones and labels only"
Security,MIDDLE_EAST,ARE,COVERAGE_GAP,"NONE","NONE","no read model and no producer exist for Security; lib/security/ holds strings, zones and labels only"
Security,MIDDLE_EAST,YEM,COVERAGE_GAP,"NONE","NONE","no read model and no producer exist for Security; lib/security/ holds strings, zones and labels only"
